file_name,main_class,resolution,class_label,width,height,aspect_ratio,file_size_kb,mean_intensity,std_intensity,skewness,kurtosis,entropy,edge_density
s1_100.tif,Canon120-1,150,Canon120-1_150,1240,1752,0.708,6366.8,251.238,23.496,-6.863,48.042,0.413,0.019
s1_39.tif,Canon120-1,150,Canon120-1_150,1240,1752,0.708,6366.8,251.656,20.326,-7.133,53.983,0.469,0.03
s1_4.tif,Canon120-1,150,Canon120-1_150,1240,1752,0.708,6366.8,247.081,32.107,-4.393,18.769,0.833,0.055
s1_40.tif,Canon120-1,150,Canon120-1_150,1240,1752,0.708,6366.8,251.166,20.928,-7.066,54.206,0.719,0.043
s1_44.tif,Canon120-1,150,Canon120-1_150,1240,1752,0.708,6366.8,248.908,29.222,-5.175,26.389,0.62,0.038
s1_46.tif,Canon120-1,150,Canon120-1_150,1240,1752,0.708,6366.8,249.61,26.836,-5.491,30.254,0.616,0.036
s1_49.tif,Canon120-1,150,Canon120-1_150,1240,1752,0.708,6366.8,252.274,19.932,-8.142,67.968,0.364,0.015
s1_85.tif,Canon120-1,150,Canon120-1_150,1240,1752,0.708,6366.8,249.976,27.639,-6.097,37.559,0.524,0.019
s1_86.tif,Canon120-1,150,Canon120-1_150,1240,1752,0.708,6366.8,250.048,26.513,-5.639,31.141,0.482,0.023
s1_90.tif,Canon120-1,150,Canon120-1_150,1240,1752,0.708,6366.8,250.181,24.563,-5.903,36.096,0.628,0.044
s1_91.tif,Canon120-1,150,Canon120-1_150,1240,1752,0.708,6366.8,249.766,28.397,-5.791,33.112,0.514,0.025
s1_92.tif,Canon120-1,150,Canon120-1_150,1240,1752,0.708,6366.8,250.768,25.161,-6.467,41.989,0.462,0.022
s1_93.tif,Canon120-1,150,Canon120-1_150,1240,1752,0.708,6366.8,250.339,26.2,-6.126,37.503,0.545,0.026
s1_94.tif,Canon120-1,150,Canon120-1_150,1240,1752,0.708,6366.8,250.808,25.556,-6.582,43.26,0.478,0.02
s1_95.tif,Canon120-1,150,Canon120-1_150,1240,1752,0.708,6366.8,251.637,21.976,-7.203,52.745,0.411,0.021
s1_96.tif,Canon120-1,150,Canon120-1_150,1240,1752,0.708,6366.8,250.317,26.737,-6.192,38.395,0.451,0.015
s1_97.tif,Canon120-1,150,Canon120-1_150,1240,1752,0.708,6366.8,250.292,25.246,-6.15,38.58,0.561,0.025
s1_98.tif,Canon120-1,150,Canon120-1_150,1240,1752,0.708,6366.8,245.087,35.309,-3.857,14.214,1.013,0.073
s1_99.tif,Canon120-1,150,Canon120-1_150,1240,1752,0.708,6366.8,250.243,25.821,-6.449,42.263,0.907,0.021
s1_63.tif,Canon120-1,300,Canon120-1_300,2480,3508,0.707,25495.07,247.528,30.013,-5.004,24.424,1.83,0.017
s3_100.tif,Canon220,150,Canon220_150,1240,1752,0.708,6366.8,251.177,23.471,-6.843,47.421,0.58,0.018
s3_11.tif,Canon220,150,Canon220_150,1240,1752,0.708,6366.8,248.666,29.1,-5.046,25.021,0.788,0.049
s3_15.tif,Canon220,150,Canon220_150,1240,1752,0.708,6366.8,249.669,26.772,-5.72,32.658,0.86,0.038
s3_19.tif,Canon220,150,Canon220_150,1240,1752,0.708,6366.8,250.781,24.128,-6.442,41.502,0.769,0.024
s3_22.tif,Canon220,150,Canon220_150,1240,1752,0.708,6366.8,253.357,14.768,-10.639,116.93,0.479,0.011
s3_31.tif,Canon220,150,Canon220_150,1240,1752,0.708,6366.8,244.784,34.638,-3.724,12.96,1.403,0.066
s3_37.tif,Canon220,150,Canon220_150,1240,1752,0.708,6366.8,250.428,25.603,-6.223,38.599,0.731,0.024
s3_38.tif,Canon220,150,Canon220_150,1240,1752,0.708,6366.8,251.723,20.622,-7.247,53.662,0.678,0.021
s3_43.tif,Canon220,150,Canon220_150,1240,1752,0.708,6366.8,251.652,20.514,-7.07,51.362,0.611,0.026
s3_51.tif,Canon220,150,Canon220_150,1240,1752,0.708,6366.8,250.666,23.203,-6.054,37.209,0.642,0.032
s3_59.tif,Canon220,150,Canon220_150,1240,1752,0.708,6366.8,247.034,32.19,-4.342,18.131,0.967,0.037
s3_6.tif,Canon220,150,Canon220_150,1240,1752,0.708,6366.8,253.269,14.944,-10.212,108.262,0.45,0.012
s3_64.tif,Canon220,150,Canon220_150,1240,1752,0.708,6366.8,246.763,32.807,-4.288,17.162,1.264,0.027
s3_67.tif,Canon220,150,Canon220_150,1240,1752,0.708,6366.8,231.942,34.131,-1.693,3.82,2.608,0.017
s3_69.tif,Canon220,150,Canon220_150,1240,1752,0.708,6366.8,251.588,21.414,-7.236,53.291,0.689,0.022
s3_70.tif,Canon220,150,Canon220_150,1240,1752,0.708,6366.8,243.464,38.474,-3.61,11.991,1.447,0.08
s3_72.tif,Canon220,150,Canon220_150,1240,1752,0.708,6366.8,249.106,29.048,-5.365,28.259,0.724,0.035
s3_75.tif,Canon220,150,Canon220_150,1240,1752,0.708,6366.8,252.09,18.239,-7.69,62.357,0.802,0.021
s3_76.tif,Canon220,150,Canon220_150,1240,1752,0.708,6366.8,251.807,19.652,-8.125,69.002,0.849,0.012
s3_77.tif,Canon220,150,Canon220_150,1240,1752,0.708,6366.8,247.332,30.736,-4.427,19.292,1.027,0.048
s3_78.tif,Canon220,150,Canon220_150,1240,1752,0.708,6366.8,248.721,25.979,-5.5,31.318,1.222,0.032
s3_79.tif,Canon220,150,Canon220_150,1240,1752,0.708,6366.8,250.761,23.255,-6.463,42.759,0.729,0.028
s3_80.tif,Canon220,150,Canon220_150,1240,1752,0.708,6366.8,250.434,24.91,-6.285,39.506,0.857,0.034
s3_81.tif,Canon220,150,Canon220_150,1240,1752,0.708,6366.8,248.48,29.431,-4.994,24.474,0.928,0.038
s3_82.tif,Canon220,150,Canon220_150,1240,1752,0.708,6366.8,251.543,22.92,-7.366,54.311,0.629,0.014
s3_83.tif,Canon220,150,Canon220_150,1240,1752,0.708,6366.8,249.712,27.057,-5.627,31.419,0.679,0.036
s3_84.tif,Canon220,150,Canon220_150,1240,1752,0.708,6366.8,252.3,17.554,-8.674,80.137,0.727,0.019
s3_85.tif,Canon220,150,Canon220_150,1240,1752,0.708,6366.8,250.073,26.818,-6.08,37.181,0.677,0.019
s3_86.tif,Canon220,150,Canon220_150,1240,1752,0.708,6366.8,250.102,25.858,-5.678,31.503,0.719,0.023
s3_87.tif,Canon220,150,Canon220_150,1240,1752,0.708,6366.8,250.496,24.897,-6.187,38.154,0.777,0.027
s3_88.tif,Canon220,150,Canon220_150,1240,1752,0.708,6366.8,250.146,24.196,-5.722,33.854,0.829,0.025
s3_89.tif,Canon220,150,Canon220_150,1240,1752,0.708,6366.8,248.362,29.269,-4.924,24.003,0.853,0.046
s3_90.tif,Canon220,150,Canon220_150,1240,1752,0.708,6366.8,250.329,24.18,-6.023,37.206,0.762,0.044
s3_91.tif,Canon220,150,Canon220_150,1240,1752,0.708,6366.8,249.944,27.494,-5.875,33.944,0.674,0.024
s3_92.tif,Canon220,150,Canon220_150,1240,1752,0.708,6366.8,250.865,24.511,-6.566,43.091,0.651,0.022
s3_93.tif,Canon220,150,Canon220_150,1240,1752,0.708,6366.8,250.465,25.274,-6.248,39.004,0.773,0.026
s3_94.tif,Canon220,150,Canon220_150,1240,1752,0.708,6366.8,250.9,24.718,-6.68,44.425,0.699,0.019
s3_95.tif,Canon220,150,Canon220_150,1240,1752,0.708,6366.8,251.81,21.233,-7.422,55.846,0.484,0.021
s3_96.tif,Canon220,150,Canon220_150,1240,1752,0.708,6366.8,250.316,26.147,-6.158,37.867,0.696,0.015
s3_97.tif,Canon220,150,Canon220_150,1240,1752,0.708,6366.8,250.395,24.514,-6.228,39.613,0.726,0.025
s3_98.tif,Canon220,150,Canon220_150,1240,1752,0.708,6366.8,245.554,34.553,-4.012,15.332,1.155,0.073
s3_99.tif,Canon220,150,Canon220_150,1240,1752,0.708,6366.8,250.403,24.89,-6.602,43.885,1.082,0.021
s4_1.tif,Canon9000-1,150,Canon9000-1_150,1240,1754,0.707,6374.08,248.23,30.811,-4.911,23.367,0.744,0.03
s4_100.tif,Canon9000-1,150,Canon9000-1_150,1240,1754,0.707,6374.08,251.406,22.393,-6.966,49.74,0.439,0.019
s4_12.tif,Canon9000-1,150,Canon9000-1_150,1240,1754,0.707,6374.08,252.255,18.186,-8.306,72.055,0.66,0.016
s4_17.tif,Canon9000-1,150,Canon9000-1_150,1240,1754,0.707,6374.08,251.047,20.892,-6.246,41.087,0.626,0.036
s4_28.tif,Canon9000-1,150,Canon9000-1_150,1240,1754,0.707,6374.07,252.468,18.943,-8.485,73.901,0.427,0.014
s4_36.tif,Canon9000-1,150,Canon9000-1_150,1240,1754,0.707,6374.08,251.313,22.854,-6.883,48.045,0.445,0.02
s4_44.tif,Canon9000-1,150,Canon9000-1_150,1240,1754,0.707,6374.08,249.389,26.968,-5.373,29.022,0.659,0.038
s4_52.tif,Canon9000-1,150,Canon9000-1_150,1240,1754,0.707,6374.08,238.02,35.784,-1.814,1.982,1.298,0.011
s4_54.tif,Canon9000-1,150,Canon9000-1_150,1240,1754,0.707,6374.08,251.748,20.428,-7.399,57.395,0.45,0.013
s4_56.tif,Canon9000-1,150,Canon9000-1_150,1240,1754,0.707,6374.08,245.502,29.871,-4.309,19.969,1.301,0.044
s4_59.tif,Canon9000-1,150,Canon9000-1_150,1240,1754,0.707,6374.08,247.142,31.629,-4.336,18.25,0.819,0.037
s4_60.tif,Canon9000-1,150,Canon9000-1_150,1240,1754,0.707,6374.08,251.678,21.331,-7.146,51.986,0.405,0.019
s4_61.tif,Canon9000-1,150,Canon9000-1_150,1240,1754,0.707,6374.08,252.227,18.118,-7.655,61.705,0.443,0.022
s4_62.tif,Canon9000-1,150,Canon9000-1_150,1240,1754,0.707,6374.08,249.613,27.11,-5.456,29.535,0.565,0.027
s4_63.tif,Canon9000-1,150,Canon9000-1_150,1240,1754,0.707,6374.08,247.739,28.986,-4.943,24.096,1.63,0.031
s4_64.tif,Canon9000-1,150,Canon9000-1_150,1240,1754,0.707,6374.08,246.82,33.698,-4.342,17.617,0.98,0.027
s4_65.tif,Canon9000-1,150,Canon9000-1_150,1240,1754,0.707,6374.08,246.99,32.967,-4.311,17.448,0.778,0.036
s4_66.tif,Canon9000-1,150,Canon9000-1_150,1240,1754,0.707,6374.08,246.34,35.005,-4.072,15.229,0.698,0.022
s4_67.tif,Canon9000-1,150,Canon9000-1_150,1240,1754,0.707,6374.08,230.09,36.003,-1.485,2.674,2.456,0.016
s4_68.tif,Canon9000-1,150,Canon9000-1_150,1240,1754,0.707,6374.08,249.75,28.698,-5.938,35.028,0.506,0.02
s4_69.tif,Canon9000-1,150,Canon9000-1_150,1240,1754,0.707,6374.08,251.791,20.253,-7.33,55.981,0.498,0.022
s4_7.tif,Canon9000-1,150,Canon9000-1_150,1240,1754,0.707,6374.08,252.044,19.155,-7.436,57.23,0.458,0.022
s4_70.tif,Canon9000-1,150,Canon9000-1_150,1240,1754,0.707,6374.08,244.162,35.842,-3.633,12.524,1.199,0.081
s4_71.tif,Canon9000-1,150,Canon9000-1_150,1240,1754,0.707,6374.08,252.349,16.958,-7.488,59.072,0.449,0.023
s4_72.tif,Canon9000-1,150,Canon9000-1_150,1240,1754,0.707,6374.08,249.16,28.261,-5.349,28.541,0.624,0.036
s4_73.tif,Canon9000-1,150,Canon9000-1_150,1240,1754,0.707,6374.08,247.371,31.916,-4.642,21.066,0.882,0.039
s4_74.tif,Canon9000-1,150,Canon9000-1_150,1240,1754,0.707,6374.08,252.059,17.722,-7.412,59.665,0.485,0.022
s4_75.tif,Canon9000-1,150,Canon9000-1_150,1240,1754,0.707,6374.08,252.331,17.061,-7.594,62.252,0.504,0.021
s4_76.tif,Canon9000-1,150,Canon9000-1_150,1240,1754,0.707,6374.08,252.113,19.078,-8.313,72.864,0.53,0.012
s4_77.tif,Canon9000-1,150,Canon9000-1_150,1240,1754,0.707,6374.08,247.716,28.449,-4.36,19.165,0.916,0.048
s4_78.tif,Canon9000-1,150,Canon9000-1_150,1240,1754,0.707,6374.08,248.524,24.545,-5.299,30.18,1.137,0.033
s4_79.tif,Canon9000-1,150,Canon9000-1_150,1240,1754,0.707,6374.08,250.936,21.854,-6.535,45.177,0.601,0.028
s4_80.tif,Canon9000-1,150,Canon9000-1_150,1240,1754,0.707,6374.08,250.884,22.414,-6.402,42.637,0.659,0.034
s4_81.tif,Canon9000-1,150,Canon9000-1_150,1240,1754,0.707,6374.08,249.052,25.957,-4.947,25.142,0.753,0.037
s4_82.tif,Canon9000-1,150,Canon9000-1_150,1240,1754,0.707,6374.08,251.66,22.567,-7.446,56.001,0.427,0.015
s4_83.tif,Canon9000-1,150,Canon9000-1_150,1240,1754,0.707,6374.08,249.847,25.718,-5.613,31.856,0.637,0.037
s4_84.tif,Canon9000-1,150,Canon9000-1_150,1240,1754,0.707,6374.08,252.276,16.898,-8.661,81.89,0.677,0.018
s4_85.tif,Canon9000-1,150,Canon9000-1_150,1240,1754,0.707,6374.08,249.954,26.961,-5.979,36.278,0.561,0.02
s4_86.tif,Canon9000-1,150,Canon9000-1_150,1240,1754,0.707,6374.08,250.242,25.442,-5.737,32.47,0.505,0.023
s4_87.tif,Canon9000-1,150,Canon9000-1_150,1240,1754,0.707,6374.08,250.676,23.921,-6.207,39.007,0.584,0.027
s4_88.tif,Canon9000-1,150,Canon9000-1_150,1240,1754,0.707,6374.08,250.264,23.49,-5.609,32.83,0.622,0.025
s4_89.tif,Canon9000-1,150,Canon9000-1_150,1240,1754,0.707,6374.08,248.572,27.58,-4.855,23.712,0.796,0.046
s4_90.tif,Canon9000-1,150,Canon9000-1_150,1240,1754,0.707,6374.08,250.582,22.569,-6.154,40.01,0.645,0.043
s4_91.tif,Canon9000-1,150,Canon9000-1_150,1240,1754,0.707,6374.08,250.125,26.594,-5.958,35.43,0.533,0.024
s4_92.tif,Canon9000-1,150,Canon9000-1_150,1240,1754,0.707,6374.08,251.06,23.531,-6.629,44.551,0.457,0.022
s4_93.tif,Canon9000-1,150,Canon9000-1_150,1240,1754,0.707,6374.08,250.664,24.267,-6.295,40.221,0.581,0.027
s4_94.tif,Canon9000-1,150,Canon9000-1_150,1240,1754,0.707,6374.08,251.076,23.959,-6.762,46.166,0.499,0.02
s4_95.tif,Canon9000-1,150,Canon9000-1_150,1240,1754,0.707,6374.08,251.863,20.343,-7.395,56.375,0.462,0.021
s4_96.tif,Canon9000-1,150,Canon9000-1_150,1240,1754,0.707,6374.08,250.347,26.107,-6.144,37.976,0.502,0.015
s4_97.tif,Canon9000-1,150,Canon9000-1_150,1240,1754,0.707,6374.08,250.501,23.604,-6.183,39.782,0.581,0.025
s4_98.tif,Canon9000-1,150,Canon9000-1_150,1240,1754,0.707,6374.08,246.104,31.718,-4.032,16.044,1.048,0.073
s4_99.tif,Canon9000-1,150,Canon9000-1_150,1240,1754,0.707,6374.08,250.772,23.981,-6.77,47.241,0.661,0.021
s5_100.tif,Canon9000-2,300,Canon9000-2_300,2480,3508,0.707,25495.07,251.885,19.505,-7.477,58.609,0.523,0.014
s5_40.tif,Canon9000-2,300,Canon9000-2_300,2480,3508,0.707,25495.07,251.023,21.345,-6.963,51.828,0.799,0.024
s5_41.tif,Canon9000-2,300,Canon9000-2_300,2480,3508,0.707,25495.07,245.155,38.641,-4.087,15.49,0.907,0.027
s5_42.tif,Canon9000-2,300,Canon9000-2_300,2480,3508,0.707,25495.07,247.398,32.914,-4.461,18.699,0.828,0.013
s5_43.tif,Canon9000-2,300,Canon9000-2_300,2480,3508,0.707,25495.07,251.53,21.459,-7.031,50.323,0.568,0.016
s5_44.tif,Canon9000-2,300,Canon9000-2_300,2480,3508,0.707,25495.07,249.074,28.982,-5.299,27.459,0.708,0.021
s5_45.tif,Canon9000-2,300,Canon9000-2_300,2480,3508,0.707,25495.07,250.727,23.996,-6.321,40.164,0.698,0.017
s5_46.tif,Canon9000-2,300,Canon9000-2_300,2480,3508,0.707,25495.07,249.718,26.951,-5.633,31.531,0.67,0.022
s5_47.tif,Canon9000-2,300,Canon9000-2_300,2480,3508,0.707,25495.07,250.43,21.103,-6.15,41.354,0.981,0.033
s5_49.tif,Canon9000-2,300,Canon9000-2_300,2480,3508,0.707,25495.07,252.24,20.008,-8.197,68.235,0.477,0.009
s5_50.tif,Canon9000-2,300,Canon9000-2_300,2480,3508,0.707,25495.07,250.59,25.086,-6.329,40.431,0.577,0.011
s5_51.tif,Canon9000-2,300,Canon9000-2_300,2480,3508,0.707,25495.07,250.449,24.014,-5.984,36.29,0.676,0.019
s5_52.tif,Canon9000-2,300,Canon9000-2_300,2480,3508,0.707,25495.07,238.014,36.123,-1.876,2.302,1.422,0.007
s5_53.tif,Canon9000-2,300,Canon9000-2_300,2480,3508,0.707,25495.07,249.809,26.132,-5.555,31.054,0.727,0.012
s5_54.tif,Canon9000-2,300,Canon9000-2_300,2480,3508,0.707,25495.07,251.873,19.949,-7.51,58.338,0.557,0.008
s5_55.tif,Canon9000-2,300,Canon9000-2_300,2480,3508,0.707,25495.07,247.506,24.601,-4.363,22.126,1.247,0.017
s5_56.tif,Canon9000-2,300,Canon9000-2_300,2480,3508,0.707,25495.07,245.312,31.595,-4.291,18.991,1.362,0.024
s5_57.tif,Canon9000-2,300,Canon9000-2_300,2480,3508,0.707,25495.07,250.323,25.205,-5.939,34.962,0.668,0.015
s5_58.tif,Canon9000-2,300,Canon9000-2_300,2480,3508,0.707,25495.07,251.777,20.193,-7.094,51.342,0.514,0.015
s5_59.tif,Canon9000-2,300,Canon9000-2_300,2480,3508,0.707,25495.07,246.847,33.131,-4.301,17.594,0.885,0.021
s5_60.tif,Canon9000-2,300,Canon9000-2_300,2480,3508,0.707,25495.07,251.509,22.55,-7.041,49.528,0.462,0.011
s5_61.tif,Canon9000-2,300,Canon9000-2_300,2480,3508,0.707,25495.07,252.014,19.757,-7.561,58.505,0.526,0.013
s5_62.tif,Canon9000-2,300,Canon9000-2_300,2480,3508,0.707,25495.07,249.382,28.515,-5.401,28.451,0.621,0.016
s5_63.tif,Canon9000-2,300,Canon9000-2_300,2480,3508,0.707,25495.07,247.291,30.115,-4.895,23.317,1.751,0.017
s5_64.tif,Canon9000-2,300,Canon9000-2_300,2480,3508,0.707,25495.07,246.367,34.902,-4.252,16.728,1.068,0.015
s5_65.tif,Canon9000-2,300,Canon9000-2_300,2480,3508,0.707,25495.07,246.597,34.617,-4.256,16.762,0.869,0.021
s5_66.tif,Canon9000-2,300,Canon9000-2_300,2480,3508,0.707,25495.07,246.16,35.953,-4.081,15.231,0.756,0.013
s5_67.tif,Canon9000-2,300,Canon9000-2_300,2480,3508,0.707,25495.07,229.977,36.705,-1.534,2.703,2.563,0.01
s5_68.tif,Canon9000-2,300,Canon9000-2_300,2480,3508,0.707,25495.07,249.574,29.666,-5.799,32.81,0.555,0.013
s5_69.tif,Canon9000-2,300,Canon9000-2_300,2480,3508,0.707,25495.07,251.541,21.958,-7.201,52.533,0.605,0.013
s5_70.tif,Canon9000-2,300,Canon9000-2_300,2480,3508,0.707,25495.07,243.427,39.354,-3.594,11.739,1.216,0.047
s5_71.tif,Canon9000-2,300,Canon9000-2_300,2480,3508,0.707,25495.07,252.156,18.917,-7.601,59.274,0.488,0.014
s5_72.tif,Canon9000-2,300,Canon9000-2_300,2480,3508,0.707,25495.07,248.997,29.815,-5.325,27.602,0.645,0.02
s5_73.tif,Canon9000-2,300,Canon9000-2_300,2480,3508,0.707,25495.07,247.061,33.358,-4.585,20.139,0.978,0.023
s5_74.tif,Canon9000-2,300,Canon9000-2_300,2480,3508,0.707,25495.07,251.743,20.385,-7.356,56.838,0.633,0.011
s5_75.tif,Canon9000-2,300,Canon9000-2_300,2480,3508,0.707,25495.07,251.962,19.957,-8.227,69.998,0.682,0.007
s5_76.tif,Canon9000-2,300,Canon9000-2_300,2480,3508,0.707,25495.07,247.277,30.828,-4.394,18.973,0.977,0.026
s5_77.tif,Canon9000-2,300,Canon9000-2_300,2480,3508,0.707,25495.07,248.372,26.432,-5.367,29.929,1.161,0.018
s5_78.tif,Canon9000-2,300,Canon9000-2_300,2480,3508,0.707,25495.07,250.576,23.91,-6.403,41.894,0.757,0.016
s5_79.tif,Canon9000-2,300,Canon9000-2_300,2480,3508,0.707,25495.07,250.535,24.495,-6.283,39.744,0.72,0.018
s5_80.tif,Canon9000-2,300,Canon9000-2_300,2480,3508,0.707,25495.07,248.593,28.839,-4.995,24.656,0.862,0.028
s5_81.tif,Canon9000-2,300,Canon9000-2_300,2480,3508,0.707,25495.07,251.49,23.459,-7.316,53.344,0.548,0.008
s5_82.tif,Canon9000-2,300,Canon9000-2_300,2480,3508,0.707,25495.07,249.492,27.983,-5.548,30.286,0.694,0.021
s5_83.tif,Canon9000-2,300,Canon9000-2_300,2480,3508,0.707,25495.07,252.176,17.965,-8.528,77.412,0.688,0.012
s5_84.tif,Canon9000-2,300,Canon9000-2_300,2480,3508,0.707,25495.07,249.984,27.239,-5.993,35.921,0.624,0.011
s5_85.tif,Canon9000-2,300,Canon9000-2_300,2480,3508,0.707,25495.07,250.077,26.351,-5.662,31.207,0.577,0.013
s5_86.tif,Canon9000-2,300,Canon9000-2_300,2480,3508,0.707,25495.07,250.482,25.444,-6.158,37.581,0.619,0.015
s5_87.tif,Canon9000-2,300,Canon9000-2_300,2480,3508,0.707,25495.07,250.004,24.937,-5.613,32.21,0.751,0.014
s5_88.tif,Canon9000-2,300,Canon9000-2_300,2480,3508,0.707,25495.07,248.098,30.253,-4.853,23.066,0.884,0.027
s5_89.tif,Canon9000-2,300,Canon9000-2_300,2480,3508,0.707,25495.07,250.22,24.856,-5.959,36.033,0.7,0.024
s5_90.tif,Canon9000-2,300,Canon9000-2_300,2480,3508,0.707,25495.07,249.892,27.915,-5.858,33.609,0.619,0.013
s5_91.tif,Canon9000-2,300,Canon9000-2_300,2480,3508,0.707,25495.07,250.844,24.949,-6.527,42.371,0.52,0.013
s5_92.tif,Canon9000-2,300,Canon9000-2_300,2480,3508,0.707,25495.07,250.443,25.905,-6.222,38.378,0.619,0.015
s5_93.tif,Canon9000-2,300,Canon9000-2_300,2480,3508,0.707,25495.07,250.857,25.165,-6.643,43.743,0.622,0.011
s5_94.tif,Canon9000-2,300,Canon9000-2_300,2480,3508,0.707,25495.07,251.675,21.883,-7.327,54.101,0.516,0.012
s5_95.tif,Canon9000-2,300,Canon9000-2_300,2480,3508,0.707,25495.07,250.242,26.768,-6.088,36.835,0.55,0.008
s5_96.tif,Canon9000-2,300,Canon9000-2_300,2480,3508,0.707,25495.07,250.24,25.209,-6.109,37.902,0.678,0.014
s5_97.tif,Canon9000-2,300,Canon9000-2_300,2480,3508,0.707,25495.07,245.528,35.004,-3.998,15.109,1.033,0.044
s5_98.tif,Canon9000-2,300,Canon9000-2_300,2480,3508,0.707,25495.07,250.529,25.141,-6.619,44.132,0.829,0.012
s5_99.tif,Canon9000-2,300,Canon9000-2_300,2480,3508,0.707,25495.07,251.22,23.613,-6.833,46.875,0.504,0.011
s6_69.tif,EpsonV370-1,150,EpsonV370-1_150,1236,1754,0.705,6353.53,250.077,21.231,-6.442,43.544,1.768,0.024
s6_90.tif,EpsonV370-1,150,EpsonV370-1_150,1236,1754,0.705,6353.53,249.011,23.661,-5.473,31.755,1.711,0.045
s6_62.tif,EpsonV370-1,300,EpsonV370-1_300,2480,3508,0.707,25495.07,246.865,29.625,-4.976,24.284,2.14,0.016
s6_78.tif,EpsonV370-1,300,EpsonV370-1_300,2480,3508,0.707,25495.07,245.047,28.032,-4.575,22.345,2.521,0.019
s6_86.tif,EpsonV370-1,300,EpsonV370-1_300,2480,3508,0.707,25495.07,247.683,27.838,-5.282,27.47,2.065,0.013
s7_58.tif,EpsonV370-2,150,EpsonV370-2_150,1236,1754,0.705,6353.53,250.418,20.03,-6.169,40.109,1.544,0.028
s7_62.tif,EpsonV370-2,150,EpsonV370-2_150,1236,1754,0.705,6353.53,247.975,28.204,-4.955,24.297,1.622,0.03
s7_65.tif,EpsonV370-2,150,EpsonV370-2_150,1236,1754,0.705,6353.53,245.586,33.907,-4.064,15.47,1.601,0.038
s7_66.tif,EpsonV370-2,150,EpsonV370-2_150,1236,1754,0.705,6353.53,244.655,37.075,-3.896,13.791,1.686,0.024
s7_75.tif,EpsonV370-2,150,EpsonV370-2_150,1236,1754,0.705,6353.53,251.12,18.315,-6.712,48.198,1.412,0.023
s7_79.tif,EpsonV370-2,150,EpsonV370-2_150,1236,1754,0.705,6353.53,249.446,23.528,-5.682,33.982,1.489,0.031
s8_63.tif,EpsonV39-1,150,EpsonV39-1_150,1240,1754,0.707,6374.08,246.835,29.521,-4.811,22.878,1.977,0.032
s8_72.tif,EpsonV39-1,150,EpsonV39-1_150,1240,1754,0.707,6374.08,248.723,29.618,-5.257,27.413,0.789,0.036
s8_79.tif,EpsonV39-1,150,EpsonV39-1_150,1240,1754,0.707,6374.08,250.459,23.471,-6.294,41.419,0.776,0.029
s8_83.tif,EpsonV39-1,150,EpsonV39-1_150,1240,1754,0.707,6374.08,249.304,27.48,-5.461,29.941,0.813,0.037
s8_100.tif,EpsonV39-1,300,EpsonV39-1_300,2480,3508,0.707,25495.07,250.68,24.993,-6.696,44.953,0.915,0.011
s8_97.tif,EpsonV39-1,300,EpsonV39-1_300,2480,3508,0.707,25495.07,249.567,27.067,-5.954,35.779,1.047,0.014
s8_98.tif,EpsonV39-1,300,EpsonV39-1_300,2480,3508,0.707,25495.07,244.087,38.44,-3.832,13.619,1.381,0.044
s8_99.tif,EpsonV39-1,300,EpsonV39-1_300,2480,3508,0.707,25495.07,249.904,26.813,-6.4,41.004,1.126,0.012
s9_16.tif,EpsonV39-2,150,EpsonV39-2_150,1240,1754,0.707,6374.08,248.826,25.721,-4.996,25.691,1.103,0.045
s9_31.tif,EpsonV39-2,150,EpsonV39-2_150,1240,1754,0.707,6374.08,244.033,34.794,-3.606,12.337,1.579,0.066
s9_43.tif,EpsonV39-2,150,EpsonV39-2_150,1240,1754,0.707,6374.08,251.363,20.892,-6.842,48.739,0.708,0.026
s9_58.tif,EpsonV39-2,150,EpsonV39-2_150,1240,1754,0.707,6374.08,251.348,20.124,-6.809,48.423,0.87,0.026
s9_76.tif,EpsonV39-2,150,EpsonV39-2_150,1240,1754,0.707,6374.08,251.79,19.858,-8.079,68.848,0.79,0.012
s9_85.tif,EpsonV39-2,150,EpsonV39-2_150,1240,1754,0.707,6374.08,249.726,27.485,-5.986,36.375,0.792,0.02
s9_98.tif,EpsonV39-2,150,EpsonV39-2_150,1240,1754,0.707,6374.08,244.82,34.502,-3.86,14.463,1.369,0.074
s9_100.tif,EpsonV39-2,300,EpsonV39-2_300,2480,3508,0.707,25495.07,250.653,24.942,-6.691,44.913,0.944,0.011
s9_74.tif,EpsonV39-2,300,EpsonV39-2_300,2480,3508,0.707,25495.07,251.364,21.037,-7.235,54.477,0.88,0.014
s9_78.tif,EpsonV39-2,300,EpsonV39-2_300,2480,3508,0.707,25495.07,247.463,28.516,-5.202,27.905,1.522,0.018
s9_99.tif,EpsonV39-2,300,EpsonV39-2_300,2480,3508,0.707,25495.07,249.928,26.686,-6.41,41.168,1.119,0.012
s10_26.tif,EpsonV550,150,EpsonV550_150,1239,1754,0.706,6368.94,250.651,22.318,-6.652,44.984,1.37,0.022
s10_35.tif,EpsonV550,150,EpsonV550_150,1239,1754,0.706,6368.94,247.844,31.093,-4.962,23.826,1.403,0.029
s10_36.tif,EpsonV550,150,EpsonV550_150,1239,1754,0.706,6368.94,250.688,22.82,-6.705,45.65,1.291,0.021
s10_41.tif,EpsonV550,150,EpsonV550_150,1239,1754,0.706,6368.94,244.983,36.832,-4.108,16.031,1.512,0.051
s10_46.tif,EpsonV550,150,EpsonV550_150,1239,1754,0.706,6368.94,249.234,25.181,-5.536,31.363,1.495,0.037
s10_50.tif,EpsonV550,150,EpsonV550_150,1239,1754,0.706,6368.94,249.637,25.948,-6.18,38.488,1.455,0.02
s10_57.tif,EpsonV550,150,EpsonV550_150,1239,1754,0.706,6368.94,250.077,24.028,-5.831,34.25,1.162,0.028
s10_60.tif,EpsonV550,150,EpsonV550_150,1239,1754,0.706,6368.94,251.041,21.413,-6.912,48.688,1.242,0.02
s10_73.tif,EpsonV550,150,EpsonV550_150,1239,1754,0.706,6368.94,246.551,32.024,-4.499,19.718,1.666,0.041
s10_79.tif,EpsonV550,150,EpsonV550_150,1239,1754,0.706,6368.94,250.089,22.59,-6.199,40.523,1.409,0.03
s10_98.tif,EpsonV550,150,EpsonV550_150,1239,1754,0.706,6368.94,245.134,32.445,-3.907,14.967,1.796,0.074
s11_96.tif,HP,300,HP_300,2481,3471,0.715,25236.34,237.515,24.045,-5.59,31.734,3.068,0.008
